{
  "runtimeOptions": {
    "tfm": "net8.0",
    "includedFrameworks": [
      {
        "name": "Microsoft.NETCore.App",
        "version": "8.0.17"
      },
      {
        "name": "Microsoft.MacCatalyst",
        "version": "18.0.8319"
      }
    ],
    "configProperties": {
      "Microsoft.Extensions.DependencyInjection.VerifyOpenGenericServiceTrimmability": false,
      "System.AggressiveAttributeTrimming": true,
      "System.ComponentModel.TypeConverter.EnableUnsafeBinaryFormatterInDesigntimeLicenseContextSerialization": false,
      "System.Diagnostics.Debugger.IsSupported": false,
      "System.Diagnostics.Tracing.EventSource.IsSupported": false,
      "System.Globalization.Invariant": false,
      "System.Globalization.Hybrid": false,
      "System.Net.Http.EnableActivityPropagation": false,
      "System.Net.Http.UseNativeHttpHandler": true,
      "System.Reflection.Metadata.MetadataUpdater.IsSupported": false,
      "System.Reflection.NullabilityInfoContext.IsSupported": false,
      "System.Resources.ResourceManager.AllowCustomResourceTypes": false,
      "System.Resources.UseSystemResourceKeys": true,
      "System.Runtime.CompilerServices.RuntimeFeature.IsDynamicCodeSupported": false,
      "System.Runtime.InteropServices.BuiltInComInterop.IsSupported": false,
      "System.Runtime.InteropServices.EnableConsumingManagedCodeFromNativeHosting": false,
      "System.Runtime.InteropServices.EnableCppCLIHostActivation": false,
      "System.Runtime.Serialization.EnableUnsafeBinaryFormatterSerialization": false,
      "System.StartupHookProvider.IsSupported": false,
      "System.Text.Encoding.EnableUnsafeUTF7Encoding": false,
      "System.Text.Json.JsonSerializer.IsReflectionEnabledByDefault": true,
      "System.Threading.Thread.EnableAutoreleasePool": true,
      "ICU_DAT_FILE_PATH": "Contents/MonoBundle/icudt.dat"
    }
  }
}